Projekt;Type;Tegn.nr;Inst.nr;Inst.adresse;Tillad-uge;Tilladnr.;Tillad-start;Tillad-slut;Brønd 1;Brønd 2;Eks.profil;Eks.dim;Eks.mat;Eks.lng;Dybde brønd 1;Dybde brønd 2;Ny profil;Ny dim.mm;Ny lng.m;Foring IPO/IPA;Stik antal;Stik åbnet;Relining klar;Opmål.%;Forarb.%;Stikopm.%;Inst.%;Stikåbn.;Korthat;Langhat;Brøndskud;Råskud;Pkt.rep;Ny længde;Stramf. ø100 meter;Stramf. ø100 rest;Stramf. ø150 meter;Stramf. ø150 rest;Stramf. andet meter;Stramf. andet rest;Filt ø100 meter;Filt ø100 rest;Filt ø150 meter;Filt ø150 rest;Filt andet meter;Filt andet rest;Afvigelse;Stik-afvigelse;Bemærkninger
V165460;Strømpe Filt;1;1,0;Digevænget;28-2026;20260140;01-07-2026;10-07-2026;4612007;4612008;;150;BT;5,39;2,43;2,36;Ø;150;5,3;;1;0;hb;100;100;100;100;0;="0/0";="0/0";="1/1";="0/0";="0/0";0;0;0;0;0;0;0;0;0;0;0;0;0;;;
V165460;Strømpe Filt;1;2,0;Digevænget;28-2026;20260140;01-07-2026;10-07-2026;4612008;4612009;;200;BT;51,7;2,36;2,03;Ø;200;51,72;IPO2072;5;5;TEG;100;100;100;100;100;="5/5";="3/3";="0/0";="0/0";="0/0";0;0;0;0;0;0;0;0;0;0;0;0;0;;;vand 5-10 %
V165460;Strømpe Filt;1;2,0;Digevænget;28-2026;20260140;01-07-2026;10-07-2026;4612009;4612010;;200;BT;59,46;2,03;1,58;Ø;200;59,55;IPO2072;8;6;TEG;100;100;100;100;100;="6/6";="4/4";="0/0";="0/0";="0/0";0;0;0;0;0;0;0;0;0;0;0;0;0;;;der er målt i medstrøm med målebånd og TV Mål og urf er i modløb 10-15 % vand
V165460;Strømpe Filt;1;3,0;Herslev Kirkevej;28-2026;20260140;01-07-2026;10-07-2026;4612010;4612012;;250;BT;46,28;1,58;2,87;Ø;300;46,93;IPO2073;0;0;TEG;100;100;100;100;0;="0/0";="0/0";="0/0";="0/0";="0/0";0;0;0;0;0;0;0;0;0;0;0;0;0;;;Dimensionsskifte lige før 4612010 - ca 30 cm - der sidste rørstylkke inden brønden er plantmed bund og mindre i top
V165460;Strømpe Filt;1;4,0;Herslev Kirkevej;28-2026;20260140;01-07-2026;10-07-2026;4612012;4612013;;300;BT;44,56;2,87;3,23;Ø;300;44,86;IPO2073;1;0;TEG;100;100;100;100;0;="0/0";="0/0";="0/0";="0/0";="0/0";0;0;0;0;0;0;0;0;0;0;0;0;0;;;Forhindring klemt fast i samling. skæres ud / er fjernet TEG 26-06-2026
V165460;Strømpe Filt;1;5,0;Herslev Kirkevej;28-2026;20260140;01-07-2026;10-07-2026;4612013;4612014;;400;BT;42,39;3,23;2,87;Ø;400;42,71;IPO2074;0;0;hb;100;100;100;100;0;="0/0";="0/0";="0/0";="0/0";="0/0";0;0;0;0;0;0;0;0;0;0;0;0;0;;;
V165460;Strømpe Filt;1;5,0;Herslev Kirkevej;28-2026;20260140;01-07-2026;10-07-2026;4612014;4612017;;400;BT;43,54;2,87;3,11;Ø;400;42,99;IPO2074;2;0;hb;100;100;100;100;0;="0/0";="0/0";="1/1";="0/0";="0/0";3;0;0;0;0;0;0;0;0;2,8;0;0;0;;;Det er kun 1 af brøndskud som skal fores. efter tegning er der 2 kl 9 - der er kørt tv på den ene. og tegning fra operatør nævner kun 1 med pvc
V165460;Strømpe Filt;1;5,0;Herslev Kirkevej/Haslev Bygade;28-2026;20260140;01-07-2026;10-07-2026;4612017;4612022;;400;BT;54,29;3,11;3,18;Ø;400;54,67;IPO2074;3;1;TEG;100;100;100;100;100;="1/1";="1/1";="0/0";="0/0";="0/0";0;0;0;0;0;0;0;0;0;0;0;0;0;;;Stik 2 skal lukkes
V165460;Strømpe Filt;1;5,0;Herslev Bygade;28-2026;20260140;01-07-2026;10-07-2026;4612022;4612023;;400;BT;50,57;3,18;2,85;Ø;400;50,51;IPO2074;7;3;TEG;100;100;100;100;100;="3/3";="3/3";="1/1";="0/0";="0/0";5;0;0;0;0;0;0;0;0;4,5;0;0;0;;;Stik nr5 er markeret til lukning. ingen førtv på det. Brønd4312023 har stik på tegning. ikke på tv. spules før inst
V165460;Strømpe Filt;1;5,0;Herslev Bygade;28-2026;20260140;01-07-2026;10-07-2026;4612023;4612024;;400;BT;25,33;2,85;3,61;Ø;400;26,22;IPO2074;3;1;TEG;100;100;100;100;100;="1/1";="1/1";="0/0";="0/0";="0/0";0;0;0;0;0;0;0;0;0;0;0;0;0;;;stor afvigelse i måling./ skal kontrolleres er opmålt medstrøms
V165460;Strømpe Filt;2;6,0;Herslev Bygade;28-2026;20260140;01-07-2026;10-07-2026;4612024;4612025;;500;BT;63,18;3,61;2,66;Ø;500;62,57;IPO2075;1;0;hb;100;100;100;100;0;="0/0";="0/0";="0/0";="0/0";="0/0";0;0;0;0;0;0;0;0;0;0;0;0;0;;;
V165460;Strømpe Filt;2;6,0;Herslev Bygade;28-2026;20260140;01-07-2026;10-07-2026;4612025;4612026;;500;BT;38,84;2,66;2,54;Ø;500;37,59;IPO2075;3;2;TEG;100;100;100;100;100;="2/0";="2/2";="0/0";="0/0";="0/0";0;0;0;0;0;0;0;0;0;0;0;0;0;;;der er målt igennem br 4612026
V165460;Strømpe Filt;2;6,0;Herslev Bygade;28-2026;20260140;01-07-2026;10-07-2026;4612026;4621009;;500;BT;59,37;2,54;2,45;Ø;500;60,78;IPO2075;4;2;TEG;100;100;100;100;100;="2/0";="2/2";="0/0";="0/0";="0/0";0;0;0;0;0;0;0;0;0;0;0;0;0;;;
V165460;Strømpe Filt;2;6,0;Herslev Bygade;28-2026;20260140;01-07-2026;10-07-2026;4621009;4621008;;500;BT;35,16;2,45;2,56;Ø;500;35,01;IPO2075;3;1;TEG;100;100;100;100;100;="1/0";="1/1";="1/1";="0/0";="0/0";0;0;0;0;0;0;0;0;0;0;0;0;0;;;
V165460;Strømpe Filt;2;7,0;Herslev Bygade;28-2026;20260140;01-07-2026;10-07-2026;4621008;4621007;;500;BT;24,08;2,56;2,45;Ø;500;24,52;IPO2076;2;0;;100;0;0;0;0;="2/0";="2/2";="0/0";="0/0";="0/0";0;0;0;0;0;0;0;0;0;0;0;0;0;;;
V165460;Strømpe Filt;2;7,0;Herslev Bygade;28-2026;20260140;01-07-2026;10-07-2026;4621007;4621006;;500;BT;10,08;2,45;2,56;Ø;500;10,62;IPO2076;2;0;;100;0;0;0;0;="1/0";="1/1";="0/0";="0/0";="0/0";6;0;0;0;0;0;0;0;0;6;0;0;0;;;
V165460;Strømpe Filt;2;7,0;Herslev Bygade;28-2026;20260140;01-07-2026;10-07-2026;4621006;4621005;;500;BT;59,91;2,56;2,94;Ø;500;59,8;IPO2076;5;0;;100;0;0;0;0;="2/0";="1/1";="0/0";="0/0";="0/0";0;0;0;0;0;0;0;0;0;0;0;0;0;;;
V165460;Strømpe Filt;2;8,0;Herslev Bygade;28-2026;20260140;01-07-2026;10-07-2026;4621005;4621004;;300;BT;60,75;2,94;2,52;Ø;300;60,83;IPO2070;4;2;TEG;100;100;100;100;100;="2/2";="2/2";="0/0";="0/0";="0/0";0;0;0;0;0;0;0;0;0;0;0;0;0;;;
V165460;Strømpe Filt;2;9,0;Herslev Bygade;28-2026;20260140;01-07-2026;10-07-2026;4621004;4621003;;200;BT;39,78;2,52;2,65;Ø;200;39,87;IPO2071;3;2;TEG;100;100;100;100;100;="3/3";="3/3";="0/0";="0/0";="0/0";0;0;0;0;0;0;0;0;0;0;0;0;0;;;
V165460;Strømpe Filt;2;9,0;Herslev Bygade;28-2026;20260140;01-07-2026;10-07-2026;4621003;4621002;;200;BT;49,35;2,65;2,42;Ø;200;49,23;IPO2071;3;2;TEG;100;100;100;100;100;="2/2";="1/1";="0/0";="0/0";="0/0";0;0;0;0;0;0;0;0;0;0;0;0;0;;;er mål igennem
V165460;Strømpe Filt;2;9,0;Herslev Bygade;28-2026;20260140;01-07-2026;10-07-2026;4621002;4621001;;200;BT;56,78;2,42;2,2;Ø;200;56,86;IPO2071;5;3;TEG;100;100;100;100;100;="3/3";="3/3";="0/0";="0/0";="0/0";0;0;0;0;0;0;0;0;0;0;0;0;0;;;Hårde aflejringer skal muligvis HT spules
V165460;Strømpe Filt;2;10,0;Herslev Kirkevej;28-2026;20260140;01-07-2026;10-07-2026;4621007;4621022;;200;BT;77,61;2,45;3,07;Ø;200;76,97;IPO2077;4;2;TEG;100;100;100;100;100;="2/0";="1/1";="0/0";="0/0";="0/0";3;0;0;0;0;0;0;0;0;3;0;0;0;;;
V165460;Strømpe Filt;2;11,0;Mølleåvej;28-2026;20260140;01-07-2026;10-07-2026;4621005;4623007;;600;BT;42,84;2,94;2,33;Ø;600;59,55;IPO2078;3;0;TEG;100;100;100;100;0;="2/0";="1/1";="0/0";="0/0";="0/0";7;0;0;0;0;0;0;0;0;7;0;0;0;;;
V165460;Strømpe Filt;2;12,0;Herslev Kirkevej;28-2026;20260140;01-07-2026;10-07-2026;4621005;4621021;;600;BT;49,58;2,94;0;;0;47,77;IPO2079;6;1;TEG;100;100;100;100;100;="1/0";="0/0";="0/0";="0/0";="2/0";0;0;0;0;0;0;0;0;0;0;0;0;0;2419;;Fritlægning af 4621021 er prblematisk. der er afsat dæksel med pæl. og det er den som er målt.
V165460;Strømpe Filt;2;12,0;Herslev Kirkevej;28-2026;20260140;01-07-2026;10-07-2026;4621021;4621017;;600;BT;59,59;0;3,11;;600;59,37;IPO2079;7;5;TEG;100;100;100;100;100;="5/1";="3/3";="0/0";="0/0";="0/0";0;0;0;0;0;0;0;0;0;0;0;0;0;;;Rødder nør 4621021/ er opmålt i medstrøm med målebånd / 61.50 til midt br stik kl 2-3
V165460;Strømpe Filt;2;13,0;Herslev Kirkevej;28-2026;20260140;01-07-2026;10-07-2026;4621017;4621015;;300;BT;40,65;3,11;2,66;Ø;300;40,22;IPO2080;3;3;TEG;100;100;100;100;100;="3/0";="3/3";="0/0";="0/0";="0/0";0;0;0;0;0;0;0;0;0;0;0;0;0;;;Skal spules godt meget papir / vand på til 40 %
V165460;Strømpe Filt;2;13,0;Herslev Kirkevej;28-2026;20260140;01-07-2026;10-07-2026;4621015;4621014;;300;BT;60,29;2,66;2,51;Ø;300;60,66;IPO2080;4;2;TEG;100;100;100;100;100;="2/0";="2/2";="0/0";="0/0";="0/0";0;0;0;0;0;0;0;0;0;0;0;0;0;;;der er målt gennem BR 4621015
V165460;Strømpe Filt;2;14,0;Herslev Kirkevej;28-2026;220260140;01-07-2026;10-07-2026;4621015;4621016;;200;BT;30,11;2,66;1,9;Ø;200;39,1;IPO2081;3;1;teg;100;100;100;100;100;="1/0";="1/1";="0/0";="0/0";="0/0";0;0;0;0;0;0;0;0;0;0;0;0;0;;;
V165460;Strømpe Filt;2;15,0;Herslev Kirkevej;28-2026;20260140;01-07-2026;10-07-2026;4621017;4621018;;600;BT;39,5;3,11;3,12;Ø;600;39,59;IPO2082;2;0;TEG;100;100;100;100;0;="2/0";="1/1";="0/0";="0/0";="0/0";0;0;0;0;0;0;0;0;0;0;0;0;0;;;skal spules
V165460;Strømpe Filt;2;15,0;Herslev Kirkevej;28-2026;20260140;01-07-2026;10-07-2026;4621018;4621019;;600;BT;39,05;3,12;2,89;Ø;600;39,09;IPO2082;3;0;TEG;100;100;100;100;0;="0/0";="0/0";="1/1";="0/0";="0/0";3;0;0;0;0;0;0;0;0;2,8;0;0;0;;;
V165460;Strømpe Filt;2;16,0;Herslev Kirkevej;28-2026;20260140;01-07-2026;10-07-2026;4621019;4621020;;200;BT;29,22;2,89;2,01;Ø;200;29,22;IPO2083;4;0;;100;0;0;0;0;="2/0";="2/2";="1/1";="0/0";="0/0";18;0;0;0;0;0;0;0;0;18,2;0;0;0;;;
V165460;Strømpe Filt;1;17,0;Kirketoften;28-2026;20260140;01-07-2026;10-07-2026;4612038;4612034;;200;BT;28,85;1,81;2,11;Ø;200;29,08;IPO2084;0;0;;100;0;0;0;0;="0/0";="0/0";="0/0";="0/0";="0/0";0;0;0;0;0;0;0;0;0;0;0;0;0;;;
V165460;Strømpe Filt;1;17,0;Kirketoften;28-2026;20260140;01-07-2026;10-07-2026;4612034;4612032;;200;BT;37,61;2,11;3,66;Ø;200;38,03;IPOI2084;1;0;;100;0;0;0;0;="1/0";="1/1";="0/0";="0/0";="0/0";0;0;0;0;0;0;0;0;0;0;0;0;0;;;
V165460;Strømpe Filt;1;17,0;Kirketoften;28-2026;20260140;01-07-2026;10-07-2026;4612032;4612031;;200;BT;23,31;3,66;2,32;Ø;200;22,74;IPO2084;2;0;;100;0;0;0;0;="1/0";="1/1";="0/0";="0/0";="0/0";0;0;0;0;0;0;0;0;0;0;0;0;0;;;hvid og stor  50 % vand ved BR 4612032
V165460;Strømpe Filt;1;18,0;Kirketoften/Herslev Bygade;28-2026;20260140;01-07-2026;10-07-2026;4612115;4612031;;200;BT;28,65;2,3;2,77;Ø;200;28,45;IPO2085;0;0;;100;0;0;0;0;="0/0";="0/0";="0/0";="0/0";="0/0";0;0;0;0;0;0;0;0;0;0;0;0;0;;;Overgang til PVC ved 22.8mtr
V165460;Strømpe Filt;1;18,0;Herslev Bygade;28-2026;20260140;01-07-2026;10-07-2026;4612031;4612030;;200;BT;35,75;3,66;2,86;Ø;200;36;IPO2085;0;0;;100;0;0;0;0;="0/0";="0/0";="0/0";="0/0";="0/0";0;0;0;0;0;0;0;0;0;0;0;0;0;;;Rodklump ved 30.5mtr / skal spules godt pga grus og sten
V165460;Brøndrenov.;2;;;;;;;4621010;;;0;;0;0;0;;0;0;;0;0;;0;0;0;0;0;="0/0";="0/0";="0/0";="0/0";="0/0";0;0;0;0;0;0;0;0;0;0;0;0;0;;;
V165460;Brøndrenov.;1;;Kirketoften;;;;;4612016;;;0;;0;0;0;;0;0;;0;0;;0;0;0;0;0;="0/0";="0/0";="0/0";="0/0";="0/0";0;0;0;0;0;0;0;0;0;0;0;0;0;;;
;Total pr. dim;;;;;;;;;;;;150;5,3
;Total pr. dim;;;;;;;;;;;;200;556,82
;Total pr. dim;;;;;;;;;;;;300;253,5
;Total pr. dim;;;;;;;;;;;;400;217,1
;Total pr. dim;;;;;;;;;;;;500;290,89
;Total pr. dim;;;;;;;;;;;;600;197,6
;Total pr. dim;;;;;;;;;;;;600;47,77
